,NFR1,NFR2,NFR3,NFR4
NFR1,1.0,3.0,5.0,7
NFR2,0.3333333333333333,1.0,2.0,4
NFR3,0.2,0.5,1.0,3
NFR4,0.14285714285714285,0.25,0.3333333333333333,1
